{"train_loss": [7.392147976977787e-05, 2.882251091515149e-05, 2.2684268565067966e-05, 2.014036127586534e-05, 1.8194893082266888e-05, 1.7081468291022386e-05, 1.5938035094215408e-05, 1.5060270172223027e-05, 1.4272923643487606e-05, 1.3657598168596937e-05, 1.3113825008729467e-05, 1.2637527705580957e-05, 1.2199753642137957e-05, 1.1782505981232809e-05, 1.1438147578469517e-05, 1.1110338054607323e-05, 1.0772635160801673e-05, 1.0498537295798046e-05, 1.029110695420462e-05, 1.0021174314023103e-05, 9.797686014493663e-06, 9.58537894067016e-06, 9.37367599296296e-06, 9.194992983291084e-06, 9.041664153657643e-06, 8.849750595568392e-06, 8.674126264898451e-06, 8.504531078031348e-06, 8.376152844801993e-06, 8.239377570391478e-06, 8.119718476100454e-06, 7.993269224088396e-06, 7.880525248923232e-06, 7.762713513254043e-06, 7.672155295810318e-06, 7.55048701187278e-06, 7.450608790013843e-06, 7.369258566092727e-06, 7.28358910233843e-06, 7.191659456200825e-06, 7.125713964900214e-06, 7.04443197327002e-06, 6.970939914576547e-06, 6.907579926532743e-06, 6.8689421342984946e-06, 6.798380207473567e-06, 6.750404605662318e-06, 6.689376563116658e-06, 6.6463146899703275e-06, 6.5912240390664524e-06, 6.54829708368506e-06, 6.504679829106989e-06, 6.469517133457133e-06, 6.423210352227425e-06, 6.38777857136934e-06, 6.348105174757155e-06, 6.313576213879521e-06, 6.284183291039286e-06, 6.259214029611455e-06, 6.222196004247725e-06, 6.1938400514642965e-06, 6.1744788921580835e-06, 6.1427918152070965e-06, 6.127177125424645e-06, 6.105599924490841e-06, 6.07729455633105e-06, 6.061154776059672e-06, 6.0314314533292985e-06, 6.013812909977033e-06, 5.9935441334993126e-06, 5.980162987627845e-06, 5.964088680218969e-06, 5.94735607960195e-06, 5.933467054465504e-06, 5.915925681190292e-06, 5.9024569072225e-06, 5.892776495633409e-06, 5.877749396857514e-06, 5.8677356148622825e-06, 5.855838519292312e-06, 5.84486596296577e-06, 5.8361593938203325e-06, 5.823745284334665e-06, 5.817801334516511e-06, 5.806937586993527e-06, 5.799371307432933e-06, 5.791465667719377e-06, 5.785478831344568e-06, 5.777369424548366e-06, 5.769656928811106e-06, 5.762438584514368e-06, 5.7585412099178024e-06, 5.753445480422649e-06, 5.746839431679894e-06, 5.740176563107925e-06, 5.7365993230672456e-06, 5.732917736412182e-06, 5.728153081731864e-06, 5.723342579308883e-06, 5.718903126208184e-06], "test_loss": [5.3584346128511073e-05, 2.2498796827124737e-05, 2.0282846345144754e-05, 2.1696343512890805e-05, 2.3910079040346557e-05, 1.6552846261330936e-05, 1.7690698376194502e-05, 1.3601524270831511e-05, 1.375667741288662e-05, 1.4197379879653224e-05, 1.3114004409215541e-05, 1.2704217627053035e-05, 1.2110967131781374e-05, 1.2120500378833888e-05, 1.5606432874075414e-05, 1.0378898926874689e-05, 1.3341078231326914e-05, 9.788860484163187e-06, 9.940541937492662e-06, 9.149074164721566e-06, 1.098370182749701e-05, 1.054041244951707e-05, 1.0626189408969603e-05, 8.87088084435065e-06, 8.446216571032492e-06, 9.291297115350662e-06, 9.37667088021215e-06, 8.476726162067251e-06, 9.117999177208793e-06, 8.635300693562526e-06, 7.978589828619002e-06, 8.94621965037055e-06, 9.794456465710223e-06, 7.65531220338026e-06, 8.766358077286183e-06, 7.281030546967834e-06, 7.392100268180233e-06, 7.493240539709445e-06, 7.469529303813162e-06, 7.033466198997408e-06, 7.313971453695019e-06, 7.076187109926159e-06, 7.147546809607226e-06, 7.0699838914067e-06, 7.186103141541098e-06, 6.652502301595853e-06, 6.92889411504123e-06, 6.954022444956816e-06, 6.639274517040382e-06, 7.498874930882269e-06, 6.4873519449056596e-06, 6.768799310323592e-06, 6.8797571839308434e-06, 6.405561609608839e-06, 6.596441892076616e-06, 6.75709033969791e-06, 6.4280395927574395e-06, 6.288381062852037e-06, 6.475503798000421e-06, 6.257428148359956e-06, 6.204682523247057e-06, 6.318413501291447e-06, 6.159952146953923e-06, 6.224359606513625e-06, 6.567094210545401e-06, 6.228026983305841e-06, 6.086672043946101e-06, 6.160971773619521e-06, 6.11618989843479e-06, 6.432730669329837e-06, 6.082452235347464e-06, 6.061278867213717e-06, 6.179464197276793e-06, 6.047556259312685e-06, 6.2668358146568355e-06, 5.975501704887754e-06, 6.017535136152823e-06, 5.9572684720927015e-06, 6.0055369586307015e-06, 5.963950288144866e-06, 6.01363299185198e-06, 5.941926704349235e-06, 5.961456961549842e-06, 5.926512410047801e-06, 5.9146952848489605e-06, 5.960678271814843e-06, 5.910222691230514e-06, 5.909970132536988e-06, 5.884967794844454e-06, 5.870902670698696e-06, 5.928740170613385e-06, 5.880415938532581e-06, 5.88110551483239e-06, 5.879046444062581e-06, 5.8898824408230975e-06, 5.861478149914314e-06, 5.840837939076e-06, 5.869037287542161e-06, 5.861687724974455e-06, 5.846066971404808e-06], "angle_error": [0.16003545966082647, 0.07960049087826607, 0.08928531991747113, 0.07143438136399548, 0.07973389749775764, 0.06935215209535106, 0.07899690629453678, 0.05048551628158496, 0.055715376607393646, 0.051947156529275604, 0.06305587152290296, 0.0545174672384867, 0.04332703405233162, 0.04199487858828451, 0.03986998943118107, 0.03627833781297762, 0.05506398866102408, 0.03415206118615058, 0.033930645650919695, 0.0325497086011657, 0.05150038265572788, 0.03316484809914406, 0.030643275343596038, 0.030916673574604925, 0.02842481961969126, 0.03575605509248423, 0.028286059895348964, 0.02878738546817691, 0.03715657659491986, 0.03236235943089171, 0.02998846543851077, 0.02979422971947517, 0.04211099795844756, 0.0265553375095689, 0.0384125226666538, 0.024810689163261495, 0.025500298803170833, 0.02845790731239777, 0.028574233424191662, 0.024301005650322095, 0.028260446572010385, 0.023597973303112155, 0.023836444085671114, 0.028474001013754996, 0.0272235397401798, 0.022345744762843272, 0.023284138927496006, 0.025229241661931783, 0.022732594224739784, 0.028559913160363708, 0.023104147955137166, 0.02376666849513344, 0.026474270727885912, 0.02174499061272326, 0.022813358203748805, 0.02166394335428581, 0.0212210803682921, 0.02127338646216839, 0.02175686468649049, 0.02133852938244045, 0.02146909382521608, 0.02139765307746595, 0.02072806025586092, 0.02064366411896879, 0.022631951797987937, 0.02056474419188966, 0.020433435711178293, 0.02065282721448221, 0.020673470732996052, 0.0214961034941797, 0.020768316810766255, 0.02071095576364098, 0.02078767488153477, 0.020356750974353417, 0.021099413964470758, 0.02037899165685356, 0.020417618279736257, 0.02026039175828049, 0.020170822199678667, 0.020233011774315884, 0.02091262731752161, 0.020046126594969224, 0.02021953133659638, 0.01997384323999007, 0.02007152474157361, 0.020729061241650065, 0.019846690087691393, 0.020037900127968262, 0.020150954160224246, 0.01989510315743076, 0.020023054416925264, 0.019894843959586756, 0.020003810133786642, 0.019956791722411705, 0.01989091553473542, 0.01981583863416013, 0.019834017418022282, 0.019847839505894235, 0.019832621083745044, 0.019854577951532695],