{
    "train_loss": [
        0.17239773724707302,
        0.15885099798173122,
        0.15212382929446697,
        0.1436735963086196,
        0.13509356782112925
    ],
    "test_loss": [
        0.15436921776207133,
        0.14882592502585268,
        0.14085409021454395,
        0.13240291818681046,
        0.12412777324420765
    ],
    "angle_error": [
        20.034129872178593,
        14.501096497807263,
        12.234102220786252,
        10.923253529476451,
        9.674126074730964
    ],
    "amplitude_error": [
        25.71386122970182,
        23.03109541178027,
        18.87252231123423,
        16.297812750915057,
        14.34358425404698
    ],
    "params": {
        "lr": 0.0001,
        "epochs": 5,
        "batch_size": 32
    }
}