{
    "polarization_magnitude": 1.2003,
    "polarization_phi": 1.688764167410368,
    "polarization_theta": 1.5700326913456575,
    "magnet_angle": -0.12557326511578712,
    "magnet_pos_x": 2.3034333399903282e-06,
    "magnet_pos_y": 4.8274956350343385e-05,
    "magnet_pos_z": 2.038495357095773e-05,
    "magnet_dim_tol_x": -0.00012529797442599586,
    "magnet_dim_tol_y": -0.00010465052013517519,
    "magnet_dim_tol_z": -0.0001937098206857924,
    "sensitivity_x": 1.1160472376473876,
    "sensitivity_y": 1.115630893473334,
    "sensitivity_z": 1.1201369180099456,
    "offset_x": 6.916535999248834e-05,
    "offset_y": 1.5021482400475467e-05,
    "offset_z": 3.512544920344813e-05,
    "chi": 0.0758747176120045
}